{
  "$schema": "./node_modules/nx/schemas/nx-schema.json",
  "targetDefaults": {
    "@angular/build:application": {
      "cache": true,
      "dependsOn": ["^build"],
      "inputs": ["production", "^production"],
      "options": {
        "polyfills": ["@angular/localize/init"],
        "outputMode": "server"
      },
      "configurations": {
        "production": {
          "localize": true,
          "outputHashing": "all",
          "optimization": {
            "scripts": true,
            "styles": true,
            "fonts": true
          }
        },
        "development": {
          "optimization": false,
          "extractLicenses": false,
          "sourceMap": true,
          "assets": [
            {
              "glob": "**/*",
              "input": "libs/core/src/lib/public",
              "output": "/"
            }
          ]
        }
      }
    },
    "@angular/build:dev-server": {
      "cache": true,
      "defaultConfiguration": "development",
      "configurations": {
        "production": {
          "buildTarget": "{projectName}:build:production"
        },
        "development": {
          "buildTarget": "{projectName}:build:development"
        },
        "es": {
          "buildTarget": "{projectName}:build:development,es"
        },
        "en": {
          "buildTarget": "{projectName}:build:development,en"
        }
      }
    },
    "nx:run-commands": {
      "cache": false
    },
    "extract-i18n": {
      "cache": true
    },
    "test": {
      "cache": true,
      "inputs": ["default", "^production"]
    },
    "lint": {
      "cache": true,
      "inputs": ["default"]
    }
  },
  "namedInputs": {
    "sharedGlobals": [],
    "default": ["{projectRoot}/**/*", "sharedGlobals"],
    "production": [
      "default",
      "!{projectRoot}/tsconfig.spec.json",
      "!{projectRoot}/**/*.spec.[jt]s",
      "!{projectRoot}/.eslintrc.json",
      "!{projectRoot}/eslint.config.mjs"
    ]
  },
  "plugins": [
    {
      "plugin": "@nx/eslint/plugin",
      "options": {
        "targetName": "lint"
      }
    }
  ],
  "generators": {
    "@nx/angular:application": {
      "linter": "eslint",
      "style": "css",
      "unitTestRunner": "karma"
    },
    "@nx/angular:library": {
      "linter": "eslint",
      "unitTestRunner": "karma"
    },
    "@nx/angular:component": {
      "style": "css"
    }
  }
}
